{
    "time": 0.005980253219604492,
    "iterations": {
        "0": {
            "a": -1.0,
            "b": -0.5,
            "c": -0.75,
            "f(a)": -0.8,
            "f(b)": -0.725,
            "f(c)": -0.853125,
            "error": 0.5
        },
        "1": {
            "a": -1.0,
            "b": -0.75,
            "c": -0.875,
            "f(a)": -0.8,
            "f(b)": -0.853125,
            "f(c)": -0.850390625,
            "error": 0.25
        },
        "2": {
            "a": -0.875,
            "b": -0.75,
            "c": -0.8125,
            "f(a)": -0.850390625,
            "f(b)": -0.853125,
            "f(c)": -0.857568359375,
            "error": 0.125
        },
        "3": {
            "a": -0.8125,
            "b": -0.75,
            "c": -0.78125,
            "f(a)": -0.857568359375,
            "f(b)": -0.853125,
            "f(c)": -0.856781005859375,
            "error": 0.0625
        },
        "4": {
            "a": -0.8125,
            "b": -0.78125,
            "c": -0.796875,
            "f(a)": -0.857568359375,
            "f(b)": -0.856781005859375,
            "f(c)": -0.8575355529785156,
            "error": 0.03125
        },
        "5": {
            "a": -0.8125,
            "b": -0.796875,
            "c": -0.8046875,
            "f(a)": -0.857568359375,
            "f(b)": -0.8575355529785156,
            "f(c)": -0.8576424598693848,
            "error": 0.015625
        },
        "6": {
            "a": -0.8125,
            "b": -0.8046875,
            "c": -0.80859375,
            "f(a)": -0.857568359375,
            "f(b)": -0.8576424598693848,
            "f(c)": -0.857628071308136,
            "error": 0.0078125
        }
    },
    "optimum": {
        "position": {
            "x": -0.80859375
        },
        "value": -0.857628071308136
    },
    "is_successful": true,
    "failure_reason": null
}