{
    "time": 0.0,
    "iterations": {
        "0": {
            "a": -1.0,
            "b": -0.5,
            "c": -0.8090169943749475,
            "d": -0.6909830056250525,
            "f(c)": -0.8576237921249265,
            "f(d)": -0.8385254915624212,
            "error": 0.1180339887498949
        },
        "1": {
            "a": -1.0,
            "b": -0.6909830056250525,
            "c": -0.8819660112501051,
            "d": -0.8090169943749475,
            "f(c)": -0.8488580476870111,
            "f(d)": -0.8576237921249265,
            "error": 0.07294901687515765
        },
        "2": {
            "a": -0.8819660112501051,
            "b": -0.6909830056250525,
            "c": -0.8090169943749475,
            "d": -0.7639320225002102,
            "f(c)": -0.8576237921249265,
            "f(d)": -0.8551069659978129,
            "error": 0.045084971874737256
        },
        "3": {
            "a": -0.8819660112501051,
            "b": -0.7639320225002102,
            "c": -0.836881039375368,
            "d": -0.8090169943749473,
            "f(c)": -0.8561669510536305,
            "f(d)": -0.8576237921249263,
            "error": 0.027864045000420612
        },
        "4": {
            "a": -0.836881039375368,
            "b": -0.7639320225002102,
            "c": -0.8090169943749473,
            "d": -0.7917960675006308,
            "f(c)": -0.8576237921249263,
            "f(d)": -0.8573692368398267,
            "error": 0.017220926874316533
        },
        "5": {
            "a": -0.836881039375368,
            "b": -0.7917960675006308,
            "c": -0.8196601125010514,
            "d": -0.8090169943749473,
            "f(c)": -0.8573409923597275,
            "f(d)": -0.8576237921249263,
            "error": 0.010643118126104079
        },
        "6": {
            "a": -0.8196601125010514,
            "b": -0.7917960675006308,
            "c": -0.8090169943749473,
            "d": -0.8024391856267349,
            "f(c)": -0.8576237921249263,
            "f(d)": -0.857630218620327,
            "error": 0.006577808748212455
        }
    },
    "optimum": {
        "position": {
            "x": -0.8057280900008411
        },
        "value": -0.8576430515488385
    },
    "is_successful": true,
    "failure_reason": null
}