{
    "time": 0.0,
    "iterations": {
        "0": {
            "a": -2.0,
            "b": 2.0,
            "c": 0.0,
            "f(a)": 4.0,
            "f(b)": 4.0,
            "f(c)": 0.0,
            "error": 4.0
        },
        "1": {
            "a": -2.0,
            "b": 0.0,
            "c": -1.0,
            "f(a)": 4.0,
            "f(b)": 0.0,
            "f(c)": 1.0,
            "error": 2.0
        },
        "2": {
            "a": -1.0,
            "b": 0.0,
            "c": -0.5,
            "f(a)": 1.0,
            "f(b)": 0.0,
            "f(c)": 0.25,
            "error": 1.0
        },
        "3": {
            "a": -0.5,
            "b": 0.0,
            "c": -0.25,
            "f(a)": 0.25,
            "f(b)": 0.0,
            "f(c)": 0.0625,
            "error": 0.5
        },
        "4": {
            "a": -0.25,
            "b": 0.0,
            "c": -0.125,
            "f(a)": 0.0625,
            "f(b)": 0.0,
            "f(c)": 0.015625,
            "error": 0.25
        },
        "5": {
            "a": -0.125,
            "b": 0.0,
            "c": -0.0625,
            "f(a)": 0.015625,
            "f(b)": 0.0,
            "f(c)": 0.00390625,
            "error": 0.125
        },
        "6": {
            "a": -0.0625,
            "b": 0.0,
            "c": -0.03125,
            "f(a)": 0.00390625,
            "f(b)": 0.0,
            "f(c)": 0.0009765625,
            "error": 0.0625
        },
        "7": {
            "a": -0.03125,
            "b": 0.0,
            "c": -0.015625,
            "f(a)": 0.0009765625,
            "f(b)": 0.0,
            "f(c)": 0.000244140625,
            "error": 0.03125
        },
        "8": {
            "a": -0.015625,
            "b": 0.0,
            "c": -0.0078125,
            "f(a)": 0.000244140625,
            "f(b)": 0.0,
            "f(c)": 6.103515625e-05,
            "error": 0.015625
        },
        "9": {
            "a": -0.0078125,
            "b": 0.0,
            "c": -0.00390625,
            "f(a)": 6.103515625e-05,
            "f(b)": 0.0,
            "f(c)": 1.52587890625e-05,
            "error": 0.0078125
        }
    },
    "optimum": {
        "position": {
            "x": -0.00390625
        },
        "value": 1.52587890625e-05
    },
    "is_successful": true,
    "failure_reason": null
}